hhh - S1L0 -  09.12.22 17:44:09 ;
kk - SE 01 LE 0 -  09.12.22 - 21:27:44 ;
wwee - SE 01 LE 0 -  09.12.22 - 21:27:57 ;
'l;k - SE 01 LE 0 -  09.12.22 - 21:28:58 ;
7665 - SE 01 LE 4 -  11.12.22 - 16:02:53 ;
fdfdsfsdfd - SE 01 LE 4 -  11.12.22 - 16:03:40 ;
trt - SE 01 LE 0 -  11.12.22 - 16:31:07 ;
fgh - SE 02 LE 8 -  11.12.22 - 16:42:36 ;
gfd - SE 02 LE 10 -  11.12.22 - 17:18:47 ;
ja - SE 02 LE 10 -  11.12.22 - 17:50:45 ;
lenka - SE 01 LE 3 -  11.12.22 - 17:52:31 ;
lenka - SE 02 LE 10 -  11.12.22 - 17:53:57 ;
Lek - SE 02 LE 10 -  11.12.22 - 18:16:42 ;
Hjk - SE 01 LE 1 -  11.12.22 - 19:10:57 ;
Uioghj - SE 01 LE 1 -  11.12.22 - 19:11:11 ;
Faros - SE 01 LE 3 -  11.12.22 - 19:11:41 ;
Farosek - SE 01 LE 6 -  11.12.22 - 19:12:13 ;
Radek - SE 02 LE 2 -  11.12.22 - 19:28:35 ;
Klsm - SE 01 LE 9 -  11.12.22 - 22:00:51 ;
Ja - SE 02 LE 10 -  11.12.22 - 22:02:49 ;
Jaja - SE 02 LE 10 -  11.12.22 - 22:04:20 ;
Rambo - SE 02 LE 10 -  12.12.22 - 12:26:39 ;
Rtz - SE 01 LE 1 -  12.12.22 - 12:57:03 ;
jkl - SE 01 LE 2 -  12.12.22 - 12:57:47 ;
Petr - SE 01 LE 2 -  12.12.22 - 14:03:17 ;
iiuoi - SE 01 LE 2 -  12.12.22 - 15:17:15 ;
opuuopopu - SE 01 LE 1 -  12.12.22 - 15:18:06 ;
kami - SE 02 LE 10 -  12.12.22 - 19:59:33 ;
grdrfgfdg - SE 01 LE 4 -  13.12.22 - 08:28:12 ;
ewd - SE 02 LE 10 -  13.12.22 - 08:29:15 ;
řččřřčš - SE 01 LE 1 -  13.12.22 - 08:43:06 ;
trettre - SE 01 LE 5 -  14.12.22 - 08:15:02 ;
Jsem borec - SE 02 LE 10 -  14.12.22 - 13:29:12 ;
grttrhtr - SE 01 LE 3 -  15.12.22 - 09:07:18 ;
ghfffg - SE 01 LE 1 -  15.12.22 - 09:08:04 ;
hjj - SE 01 LE 3 -  15.12.22 - 09:09:33 ;
